Segment,Count,Avg_CLV_Annual,Median_CLV_Annual
Champions,483,14407.366906867564,5288.276287262874
Loyal,1541,27294.72991087837,3113.145833333333
Need Attention,591,101283.4677072758,92016.5
Others,1724,100095.75231656985,36841.275
