Segment,Count,Avg_ARPU,Avg_Frequency,Avg_Monetary,Avg_RFM_Score
Champions,483,506.2544532330937,18.5175983436853,12796.975217391306,12.0
Loyal,1541,527.6369692202088,4.842959117456197,2286.491156391953,9.487345879299156
Need Attention,591,277.4889526226734,1.0,277.4889526226734,5.810490693739425
Others,1724,346.84867020218763,1.7180974477958237,463.03171171693737,6.0638051044083525
